date,reg_name,positives,delta_positives,removed,delta_removed
2020-02-24,ABRUZZO,0,0,0,0
2020-02-24,BASILICATA,0,0,0,0
2020-02-24,CALABRIA,0,0,0,0
2020-02-24,CAMPANIA,0,0,0,0
2020-02-24,EMILIA ROMAGNA,18,18,0,0
2020-02-24,FRIULI VENEZIA GIULIA,0,0,0,0
2020-02-24,LAZIO,2,2,1,1
2020-02-24,LIGURIA,0,0,0,0
2020-02-24,LOMBARDIA,166,166,6,6
2020-02-24,MARCHE,0,0,0,0
2020-02-24,MOLISE,0,0,0,0
2020-02-24,PIEMONTE,3,3,0,0
2020-02-24,PUGLIA,0,0,0,0
2020-02-24,SARDEGNA,0,0,0,0
2020-02-24,SICILIA,0,0,0,0
2020-02-24,TOSCANA,0,0,0,0
2020-02-24,TRENTINO ALTO ADIGE,0,0,0,0
2020-02-24,UMBRIA,0,0,0,0
2020-02-24,VALLE D'AOSTA,0,0,0,0
2020-02-24,VENETO,32,32,1,1
2020-02-25,ABRUZZO,0,0,0,0
2020-02-25,BASILICATA,0,0,0,0
2020-02-25,CALABRIA,0,0,0,0
2020-02-25,CAMPANIA,0,0,0,0
2020-02-25,EMILIA ROMAGNA,26,8,0,0
2020-02-25,FRIULI VENEZIA GIULIA,0,0,0,0
2020-02-25,LAZIO,2,0,1,0
2020-02-25,LIGURIA,1,1,0,0
2020-02-25,LOMBARDIA,231,65,9,3
2020-02-25,MARCHE,0,0,0,0
2020-02-25,MOLISE,0,0,0,0
2020-02-25,PIEMONTE,3,0,0,0
2020-02-25,PUGLIA,0,0,0,0
2020-02-25,SARDEGNA,0,0,0,0
2020-02-25,SICILIA,3,3,0,0
2020-02-25,TOSCANA,2,2,0,0
2020-02-25,TRENTINO ALTO ADIGE,1,1,0,0
2020-02-25,UMBRIA,0,0,0,0
2020-02-25,VALLE D'AOSTA,0,0,0,0
2020-02-25,VENETO,42,10,1,0
2020-02-26,ABRUZZO,0,0,0,0
2020-02-26,BASILICATA,0,0,0,0
2020-02-26,CALABRIA,0,0,0,0
2020-02-26,CAMPANIA,0,0,0,0
2020-02-26,EMILIA ROMAGNA,46,20,1,1
2020-02-26,FRIULI VENEZIA GIULIA,0,0,0,0
2020-02-26,LAZIO,0,-2,3,2
2020-02-26,LIGURIA,11,10,0,0
2020-02-26,LOMBARDIA,249,18,9,0
2020-02-26,MARCHE,1,1,0,0
2020-02-26,MOLISE,0,0,0,0
2020-02-26,PIEMONTE,3,0,0,0
2020-02-26,PUGLIA,0,0,0,0
2020-02-26,SARDEGNA,0,0,0,0
2020-02-26,SICILIA,3,0,0,0
2020-02-26,TOSCANA,2,0,0,0
2020-02-26,TRENTINO ALTO ADIGE,1,0,0,0
2020-02-26,UMBRIA,0,0,0,0
2020-02-26,VALLE D'AOSTA,0,0,0,0
2020-02-26,VENETO,69,27,2,1
2020-02-27,ABRUZZO,1,1,0,0
2020-02-27,BASILICATA,0,0,0,0
2020-02-27,CALABRIA,0,0,0,0
2020-02-27,CAMPANIA,3,3,0,0
2020-02-27,EMILIA ROMAGNA,96,50,1,0
2020-02-27,FRIULI VENEZIA GIULIA,0,0,0,0
2020-02-27,LAZIO,0,0,3,0
2020-02-27,LIGURIA,19,8,0,0
2020-02-27,LOMBARDIA,349,100,54,45
2020-02-27,MARCHE,3,2,0,0
2020-02-27,MOLISE,0,0,0,0
2020-02-27,PIEMONTE,2,-1,0,0
2020-02-27,PUGLIA,1,1,0,0
2020-02-27,SARDEGNA,0,0,0,0
2020-02-27,SICILIA,2,-1,2,2
2020-02-27,TOSCANA,2,0,0,0
2020-02-27,TRENTINO ALTO ADIGE,1,0,0,0
2020-02-27,UMBRIA,0,0,0,0
2020-02-27,VALLE D'AOSTA,0,0,0,0
2020-02-27,VENETO,109,40,2,0
2020-02-28,ABRUZZO,1,0,0,0
2020-02-28,BASILICATA,0,0,0,0
2020-02-28,CALABRIA,1,1,0,0
2020-02-28,CAMPANIA,4,1,0,0
2020-02-28,EMILIA ROMAGNA,143,47,2,1
2020-02-28,FRIULI VENEZIA GIULIA,0,0,0,0
2020-02-28,LAZIO,0,0,3,0
2020-02-28,LIGURIA,19,0,0,0
2020-02-28,LOMBARDIA,474,125,57,3
2020-02-28,MARCHE,6,3,0,0
2020-02-28,MOLISE,0,0,0,0
2020-02-28,PIEMONTE,11,9,0,0
2020-02-28,PUGLIA,3,2,0,0
2020-02-28,SARDEGNA,0,0,0,0
2020-02-28,SICILIA,2,0,2,0
2020-02-28,TOSCANA,7,5,1,1
2020-02-28,TRENTINO ALTO ADIGE,1,0,0,0
2020-02-28,UMBRIA,0,0,0,0
2020-02-28,VALLE D'AOSTA,0,0,0,0
2020-02-28,VENETO,149,40,2,0
2020-02-29,ABRUZZO,2,1,0,0
2020-02-29,BASILICATA,0,0,0,0
2020-02-29,CALABRIA,1,0,0,0
2020-02-29,CAMPANIA,13,9,0,0
2020-02-29,EMILIA ROMAGNA,213,70,4,2
2020-02-29,FRIULI VENEZIA GIULIA,0,0,0,0
2020-02-29,LAZIO,3,3,3,0
2020-02-29,LIGURIA,38,19,4,4
2020-02-29,LOMBARDIA,552,78,63,6
2020-02-29,MARCHE,11,5,0,0
2020-02-29,MOLISE,0,0,0,0
2020-02-29,PIEMONTE,11,0,0,0
2020-02-29,PUGLIA,3,0,0,0
2020-02-29,SARDEGNA,0,0,0,0
2020-02-29,SICILIA,2,0,2,0
2020-02-29,TOSCANA,10,3,1,0
2020-02-29,TRENTINO ALTO ADIGE,1,0,0,0
2020-02-29,UMBRIA,0,0,0,0
2020-02-29,VALLE D'AOSTA,0,0,0,0
2020-02-29,VENETO,189,40,2,0
2020-03-01,ABRUZZO,5,3,0,0
2020-03-01,BASILICATA,0,0,0,0
2020-03-01,CALABRIA,1,0,0,0
2020-03-01,CAMPANIA,17,4,0,0
2020-03-01,EMILIA ROMAGNA,277,64,8,4
2020-03-01,FRIULI VENEZIA GIULIA,6,6,0,0
2020-03-01,LAZIO,3,0,3,0
2020-03-01,LIGURIA,21,-17,4,0
2020-03-01,LOMBARDIA,887,335,97,34
2020-03-01,MARCHE,25,14,0,0
2020-03-01,MOLISE,0,0,0,0
2020-03-01,PIEMONTE,49,38,0,0
2020-03-01,PUGLIA,3,0,0,0
2020-03-01,SARDEGNA,0,0,0,0
2020-03-01,SICILIA,7,5,2,0
2020-03-01,TOSCANA,12,2,1,0
2020-03-01,TRENTINO ALTO ADIGE,1,0,0,0
2020-03-01,UMBRIA,2,2,0,0
2020-03-01,VALLE D'AOSTA,0,0,0,0
2020-03-01,VENETO,261,72,2,0
2020-03-02,ABRUZZO,5,0,0,0
2020-03-02,BASILICATA,0,0,0,0
2020-03-02,CALABRIA,1,0,0,0
2020-03-02,CAMPANIA,17,0,0,0
2020-03-02,EMILIA ROMAGNA,324,47,11,3
2020-03-02,FRIULI VENEZIA GIULIA,9,3,0,0
2020-03-02,LAZIO,4,1,3,0
2020-03-02,LIGURIA,18,-3,4,0
2020-03-02,LOMBARDIA,1077,190,177,80
2020-03-02,MARCHE,34,9,1,1
2020-03-02,MOLISE,0,0,0,0
2020-03-02,PIEMONTE,51,2,0,0
2020-03-02,PUGLIA,4,1,0,0
2020-03-02,SARDEGNA,0,0,0,0
2020-03-02,SICILIA,5,-2,2,0
2020-03-02,TOSCANA,12,0,1,0
2020-03-02,TRENTINO ALTO ADIGE,1,0,0,0
2020-03-02,UMBRIA,2,0,0,0
2020-03-02,VALLE D'AOSTA,0,0,0,0
2020-03-02,VENETO,271,10,2,0
2020-03-03,ABRUZZO,6,1,0,0
2020-03-03,BASILICATA,1,1,0,0
2020-03-03,CALABRIA,1,0,0,0
2020-03-03,CAMPANIA,30,13,0,0
2020-03-03,EMILIA ROMAGNA,398,74,22,11
2020-03-03,FRIULI VENEZIA GIULIA,13,4,0,0
2020-03-03,LAZIO,11,7,3,0
2020-03-03,LIGURIA,19,1,5,1
2020-03-03,LOMBARDIA,1326,249,194,17
2020-03-03,MARCHE,59,25,2,1
2020-03-03,MOLISE,3,3,0,0
2020-03-03,PIEMONTE,56,5,0,0
2020-03-03,PUGLIA,6,2,0,0
2020-03-03,SARDEGNA,1,1,0,0
2020-03-03,SICILIA,5,0,2,0
2020-03-03,TOSCANA,18,6,1,0
2020-03-03,TRENTINO ALTO ADIGE,5,4,0,0
2020-03-03,UMBRIA,8,6,0,0
2020-03-03,VALLE D'AOSTA,0,0,0,0
2020-03-03,VENETO,297,26,10,8
2020-03-04,ABRUZZO,7,1,0,0
2020-03-04,BASILICATA,1,0,0,0
2020-03-04,CALABRIA,1,0,0,0
2020-03-04,CAMPANIA,31,1,0,0
2020-03-04,EMILIA ROMAGNA,516,118,28,6
2020-03-04,FRIULI VENEZIA GIULIA,18,5,0,0
2020-03-04,LAZIO,27,16,3,0
2020-03-04,LIGURIA,21,2,5,0
2020-03-04,LOMBARDIA,1497,171,323,129
2020-03-04,MARCHE,80,21,4,2
2020-03-04,MOLISE,3,0,0,0
2020-03-04,PIEMONTE,82,26,0,0
2020-03-04,PUGLIA,7,1,2,2
2020-03-04,SARDEGNA,2,1,0,0
2020-03-04,SICILIA,16,11,2,0
2020-03-04,TOSCANA,37,19,1,0
2020-03-04,TRENTINO ALTO ADIGE,6,1,0,0
2020-03-04,UMBRIA,9,1,0,0
2020-03-04,VALLE D'AOSTA,0,0,0,0
2020-03-04,VENETO,345,48,15,5
2020-03-05,ABRUZZO,8,1,0,0
2020-03-05,BASILICATA,1,0,0,0
2020-03-05,CALABRIA,2,1,0,0
2020-03-05,CAMPANIA,45,14,0,0
2020-03-05,EMILIA ROMAGNA,658,142,40,12
2020-03-05,FRIULI VENEZIA GIULIA,21,3,0,0
2020-03-05,LAZIO,41,14,3,0
2020-03-05,LIGURIA,21,0,7,2
2020-03-05,LOMBARDIA,1777,280,474,151
2020-03-05,MARCHE,120,40,4,0
2020-03-05,MOLISE,7,4,0,0
2020-03-05,PIEMONTE,106,24,2,2
2020-03-05,PUGLIA,12,5,2,0
2020-03-05,SARDEGNA,2,0,0,0
2020-03-05,SICILIA,16,0,2,0
2020-03-05,TOSCANA,60,23,1,0
2020-03-05,TRENTINO ALTO ADIGE,8,2,0,0
2020-03-05,UMBRIA,9,0,0,0
2020-03-05,VALLE D'AOSTA,2,2,0,0
2020-03-05,VENETO,380,35,27,12
2020-03-06,ABRUZZO,9,1,0,0
2020-03-06,BASILICATA,3,2,0,0
2020-03-06,CALABRIA,4,2,0,0
2020-03-06,CAMPANIA,57,12,0,0
2020-03-06,EMILIA ROMAGNA,816,158,54,14
2020-03-06,FRIULI VENEZIA GIULIA,28,7,3,3
2020-03-06,LAZIO,50,9,4,1
2020-03-06,LIGURIA,24,3,8,1
2020-03-06,LOMBARDIA,2008,231,604,130
2020-03-06,MARCHE,155,35,4,0
2020-03-06,MOLISE,12,5,0,0
2020-03-06,PIEMONTE,139,33,4,2
2020-03-06,PUGLIA,15,3,2,0
2020-03-06,SARDEGNA,5,3,0,0
2020-03-06,SICILIA,22,6,2,0
2020-03-06,TOSCANA,78,18,1,0
2020-03-06,TRENTINO ALTO ADIGE,14,6,0,0
2020-03-06,UMBRIA,16,7,0,0
2020-03-06,VALLE D'AOSTA,7,5,0,0
2020-03-06,VENETO,454,74,34,7
2020-03-07,ABRUZZO,11,2,0,0
2020-03-07,BASILICATA,3,0,0,0
2020-03-07,CALABRIA,4,0,0,0
2020-03-07,CAMPANIA,61,4,0,0
2020-03-07,EMILIA ROMAGNA,937,121,73,19
2020-03-07,FRIULI VENEZIA GIULIA,39,11,3,0
2020-03-07,LAZIO,72,22,4,0
2020-03-07,LIGURIA,42,18,9,1
2020-03-07,LOMBARDIA,2742,734,678,74
2020-03-07,MARCHE,201,46,6,2
2020-03-07,MOLISE,14,2,0,0
2020-03-07,PIEMONTE,202,63,5,1
2020-03-07,PUGLIA,23,8,3,1
2020-03-07,SARDEGNA,5,0,0,0
2020-03-07,SICILIA,33,11,2,0
2020-03-07,TOSCANA,112,34,1,0
2020-03-07,TRENTINO ALTO ADIGE,23,9,0,0
2020-03-07,UMBRIA,24,8,0,0
2020-03-07,VALLE D'AOSTA,8,1,0,0
2020-03-07,VENETO,505,51,38,4
2020-03-08,ABRUZZO,17,6,0,0
2020-03-08,BASILICATA,4,1,0,0
2020-03-08,CALABRIA,9,5,0,0
2020-03-08,CAMPANIA,100,39,1,1
2020-03-08,EMILIA ROMAGNA,1097,160,83,10
2020-03-08,FRIULI VENEZIA GIULIA,53,14,4,1
2020-03-08,LAZIO,81,9,6,2
2020-03-08,LIGURIA,67,25,11,2
2020-03-08,LOMBARDIA,3372,630,817,139
2020-03-08,MARCHE,265,64,7,1
2020-03-08,MOLISE,14,0,0,0
2020-03-08,PIEMONTE,355,153,5,0
2020-03-08,PUGLIA,36,13,4,1
2020-03-08,SARDEGNA,11,6,0,0
2020-03-08,SICILIA,51,18,2,0
2020-03-08,TOSCANA,165,53,1,0
2020-03-08,TRENTINO ALTO ADIGE,32,9,0,0
2020-03-08,UMBRIA,26,2,0,0
2020-03-08,VALLE D'AOSTA,9,1,0,0
2020-03-08,VENETO,623,118,47,9
2020-03-09,ABRUZZO,30,13,0,0
2020-03-09,BASILICATA,5,1,0,0
2020-03-09,CALABRIA,9,0,2,2
2020-03-09,CAMPANIA,119,19,1,0
2020-03-09,EMILIA ROMAGNA,1286,189,100,17
2020-03-09,FRIULI VENEZIA GIULIA,89,36,4,0
2020-03-09,LAZIO,94,13,8,2
2020-03-09,LIGURIA,97,30,12,1
2020-03-09,LOMBARDIA,4490,1118,979,162
2020-03-09,MARCHE,313,48,10,3
2020-03-09,MOLISE,14,0,0,0
2020-03-09,PIEMONTE,337,-18,13,8
2020-03-09,PUGLIA,46,10,4,0
2020-03-09,SARDEGNA,19,8,0,0
2020-03-09,SICILIA,52,1,2,0
2020-03-09,TOSCANA,206,41,2,1
2020-03-09,TRENTINO ALTO ADIGE,42,10,0,0
2020-03-09,UMBRIA,28,2,0,0
2020-03-09,VALLE D'AOSTA,15,6,0,0
2020-03-09,VENETO,694,71,50,3
2020-03-10,ABRUZZO,37,7,1,1
2020-03-10,BASILICATA,7,2,0,0
2020-03-10,CALABRIA,11,2,2,0
2020-03-10,CAMPANIA,126,7,1,0
2020-03-10,EMILIA ROMAGNA,1417,131,116,16
2020-03-10,FRIULI VENEZIA GIULIA,110,21,6,2
2020-03-10,LAZIO,99,5,17,9
2020-03-10,LIGURIA,128,31,13,1
2020-03-10,LOMBARDIA,4427,-63,1364,385
2020-03-10,MARCHE,381,68,13,3
2020-03-10,MOLISE,15,1,0,0
2020-03-10,PIEMONTE,436,99,17,4
2020-03-10,PUGLIA,55,9,4,0
2020-03-10,SARDEGNA,20,1,0,0
2020-03-10,SICILIA,60,8,2,0
2020-03-10,TOSCANA,260,54,4,2
2020-03-10,TRENTINO ALTO ADIGE,88,46,2,2
2020-03-10,UMBRIA,37,9,0,0
2020-03-10,VALLE D'AOSTA,17,2,0,0
2020-03-10,VENETO,783,89,73,23
2020-03-11,ABRUZZO,37,0,1,0
2020-03-11,BASILICATA,8,1,0,0
2020-03-11,CALABRIA,17,6,2,0
2020-03-11,CAMPANIA,149,23,5,4
2020-03-11,EMILIA ROMAGNA,1588,171,151,35
2020-03-11,FRIULI VENEZIA GIULIA,110,0,16,10
2020-03-11,LAZIO,125,26,25,8
2020-03-11,LIGURIA,181,53,13,0
2020-03-11,LOMBARDIA,5763,1336,1517,153
2020-03-11,MARCHE,461,80,18,5
2020-03-11,MOLISE,16,1,0,0
2020-03-11,PIEMONTE,480,44,21,4
2020-03-11,PUGLIA,71,16,6,2
2020-03-11,SARDEGNA,37,17,0,0
2020-03-11,SICILIA,81,21,2,0
2020-03-11,TOSCANA,314,54,6,2
2020-03-11,TRENTINO ALTO ADIGE,149,61,3,1
2020-03-11,UMBRIA,44,7,2,2
2020-03-11,VALLE D'AOSTA,19,2,1,1
2020-03-11,VENETO,940,157,83,10
2020-03-12,ABRUZZO,78,41,6,5
2020-03-12,BASILICATA,8,0,0,0
2020-03-12,CALABRIA,32,15,1,-1
2020-03-12,CAMPANIA,174,25,5,0
2020-03-12,EMILIA ROMAGNA,1758,170,189,38
2020-03-12,FRIULI VENEZIA GIULIA,148,38,19,3
2020-03-12,LAZIO,172,47,28,3
2020-03-12,LIGURIA,243,62,31,18
2020-03-12,LOMBARDIA,6896,1133,1829,312
2020-03-12,MARCHE,570,109,22,4
2020-03-12,MOLISE,16,0,0,0
2020-03-12,PIEMONTE,554,74,26,5
2020-03-12,PUGLIA,98,27,6,0
2020-03-12,SARDEGNA,39,2,0,0
2020-03-12,SICILIA,111,30,4,2
2020-03-12,TOSCANA,352,38,12,6
2020-03-12,TRENTINO ALTO ADIGE,205,56,6,3
2020-03-12,UMBRIA,62,18,2,0
2020-03-12,VALLE D'AOSTA,26,7,1,0
2020-03-12,VENETO,1297,357,87,4
2020-03-13,ABRUZZO,83,5,6,0
2020-03-13,BASILICATA,10,2,0,0
2020-03-13,CALABRIA,37,5,1,0
2020-03-13,CAMPANIA,213,39,7,2
2020-03-13,EMILIA ROMAGNA,2011,253,252,63
2020-03-13,FRIULI VENEZIA GIULIA,236,88,21,2
2020-03-13,LAZIO,242,70,35,7
2020-03-13,LIGURIA,304,61,41,10
2020-03-13,LOMBARDIA,7732,836,2088,259
2020-03-13,MARCHE,698,128,27,5
2020-03-13,MOLISE,17,1,0,0
2020-03-13,PIEMONTE,794,240,46,20
2020-03-13,PUGLIA,121,23,8,2
2020-03-13,SARDEGNA,43,4,0,0
2020-03-13,SICILIA,126,15,4,0
2020-03-13,TOSCANA,455,103,15,3
2020-03-13,TRENTINO ALTO ADIGE,280,75,8,2
2020-03-13,UMBRIA,73,11,3,1
2020-03-13,VALLE D'AOSTA,27,1,1,0
2020-03-13,VENETO,1453,156,142,55
2020-03-14,ABRUZZO,106,23,6,0
2020-03-14,BASILICATA,10,0,0,0
2020-03-14,CALABRIA,59,22,1,0
2020-03-14,CAMPANIA,243,30,29,22
2020-03-14,EMILIA ROMAGNA,2349,338,295,43
2020-03-14,FRIULI VENEZIA GIULIA,271,35,30,9
2020-03-14,LAZIO,320,78,37,2
2020-03-14,LIGURIA,384,80,79,38
2020-03-14,LOMBARDIA,9059,1327,2626,538
2020-03-14,MARCHE,863,165,36,9
2020-03-14,MOLISE,17,0,0,0
2020-03-14,PIEMONTE,814,20,59,13
2020-03-14,PUGLIA,156,35,10,2
2020-03-14,SARDEGNA,47,4,0,0
2020-03-14,SICILIA,150,24,6,2
2020-03-14,TOSCANA,614,159,16,1
2020-03-14,TRENTINO ALTO ADIGE,369,89,10,2
2020-03-14,UMBRIA,103,30,4,1
2020-03-14,VALLE D'AOSTA,41,14,1,0
2020-03-14,VENETO,1775,322,162,20
2020-03-15,ABRUZZO,128,22,9,3
2020-03-15,BASILICATA,11,1,0,0
2020-03-15,CALABRIA,66,7,2,1
2020-03-15,CAMPANIA,296,53,37,8
2020-03-15,EMILIA ROMAGNA,2741,392,352,57
2020-03-15,FRIULI VENEZIA GIULIA,316,45,31,1
2020-03-15,LAZIO,396,76,40,3
2020-03-15,LIGURIA,493,109,66,-13
2020-03-15,LOMBARDIA,10043,984,3229,603
2020-03-15,MARCHE,1087,224,46,10
2020-03-15,MOLISE,17,0,0,0
2020-03-15,PIEMONTE,1030,216,81,22
2020-03-15,PUGLIA,212,56,18,8
2020-03-15,SARDEGNA,75,28,2,2
2020-03-15,SICILIA,179,29,9,3
2020-03-15,TOSCANA,763,149,18,2
2020-03-15,TRENTINO ALTO ADIGE,566,197,16,6
2020-03-15,UMBRIA,139,36,4,0
2020-03-15,VALLE D'AOSTA,56,15,1,0
2020-03-15,VENETO,1989,214,183,21
2020-03-16,ABRUZZO,165,37,11,2
2020-03-16,BASILICATA,12,1,0,0
2020-03-16,CALABRIA,87,21,2,0
2020-03-16,CAMPANIA,363,67,37,0
2020-03-16,EMILIA ROMAGNA,3088,347,434,82
2020-03-16,FRIULI VENEZIA GIULIA,346,30,40,9
2020-03-16,LAZIO,472,76,51,11
2020-03-16,LIGURIA,575,82,92,26
2020-03-16,LOMBARDIA,10861,818,3788,559
2020-03-16,MARCHE,1185,98,57,11
2020-03-16,MOLISE,15,-2,6,6
2020-03-16,PIEMONTE,1405,375,111,30
2020-03-16,PUGLIA,212,0,18,0
2020-03-16,SARDEGNA,105,30,2,0
2020-03-16,SICILIA,203,24,10,1
2020-03-16,TOSCANA,841,78,25,7
2020-03-16,TRENTINO ALTO ADIGE,602,36,17,1
2020-03-16,UMBRIA,159,20,5,1
2020-03-16,VALLE D'AOSTA,103,47,2,1
2020-03-16,VENETO,2274,285,199,16
2020-03-17,ABRUZZO,216,51,13,2
2020-03-17,BASILICATA,20,8,0,0
2020-03-17,CALABRIA,112,25,2,0
2020-03-17,CAMPANIA,423,60,37,0
2020-03-17,EMILIA ROMAGNA,3404,316,527,93
2020-03-17,FRIULI VENEZIA GIULIA,347,1,47,7
2020-03-17,LAZIO,550,78,57,6
2020-03-17,LIGURIA,661,86,117,25
2020-03-17,LOMBARDIA,12095,1234,4125,337
2020-03-17,MARCHE,1302,117,69,12
2020-03-17,MOLISE,19,4,6,0
2020-03-17,PIEMONTE,1764,359,133,22
2020-03-17,PUGLIA,320,108,20,2
2020-03-17,SARDEGNA,115,10,2,0
2020-03-17,SICILIA,226,23,11,1
2020-03-17,TOSCANA,1024,183,29,4
2020-03-17,TRENTINO ALTO ADIGE,650,48,26,9
2020-03-17,UMBRIA,192,33,5,0
2020-03-17,VALLE D'AOSTA,134,31,2,0
2020-03-17,VENETO,2488,214,216,17
2020-03-18,ABRUZZO,249,33,14,1
2020-03-18,BASILICATA,27,7,0,0
2020-03-18,CALABRIA,126,14,3,1
2020-03-18,CAMPANIA,423,0,37,0
2020-03-18,EMILIA ROMAGNA,3915,511,610,83
2020-03-18,FRIULI VENEZIA GIULIA,416,69,46,-1
2020-03-18,LAZIO,650,100,74,17
2020-03-18,LIGURIA,744,83,143,26
2020-03-18,LOMBARDIA,12266,171,5447,1322
2020-03-18,MARCHE,1476,174,92,23
2020-03-18,MOLISE,21,2,7,1
2020-03-18,PIEMONTE,2187,423,154,21
2020-03-18,PUGLIA,362,42,21,1
2020-03-18,SARDEGNA,132,17,2,0
2020-03-18,SICILIA,267,41,15,4
2020-03-18,TOSCANA,1291,267,39,10
2020-03-18,TRENTINO ALTO ADIGE,802,152,29,3
2020-03-18,UMBRIA,241,49,6,1
2020-03-18,VALLE D'AOSTA,162,28,3,1
2020-03-18,VENETO,2953,465,261,45
2020-03-19,ABRUZZO,366,117,19,5
2020-03-19,BASILICATA,37,10,0,0
2020-03-19,CALABRIA,164,38,5,2
2020-03-19,CAMPANIA,605,182,47,10
2020-03-19,EMILIA ROMAGNA,4506,591,708,98
2020-03-19,FRIULI VENEZIA GIULIA,522,106,77,31
2020-03-19,LAZIO,741,91,82,8
2020-03-19,LIGURIA,883,139,176,33
2020-03-19,LOMBARDIA,13938,1672,5946,499
2020-03-19,MARCHE,1622,146,115,23
2020-03-19,MOLISE,38,17,8,1
2020-03-19,PIEMONTE,2754,567,178,24
2020-03-19,PUGLIA,449,87,29,8
2020-03-19,SARDEGNA,204,72,2,0
2020-03-19,SICILIA,321,54,19,4
2020-03-19,TOSCANA,1422,131,60,21
2020-03-19,TRENTINO ALTO ADIGE,912,110,47,18
2020-03-19,UMBRIA,328,87,6,0
2020-03-19,VALLE D'AOSTA,209,47,6,3
2020-03-19,VENETO,3169,216,315,54
2020-03-20,ABRUZZO,422,56,27,8
2020-03-20,BASILICATA,52,15,0,0
2020-03-20,CALABRIA,201,37,6,1
2020-03-20,CAMPANIA,702,97,47,0
2020-03-20,EMILIA ROMAGNA,5089,583,879,171
2020-03-20,FRIULI VENEZIA GIULIA,555,33,101,24
2020-03-20,LAZIO,912,171,96,14
2020-03-20,LIGURIA,1001,118,220,44
2020-03-20,LOMBARDIA,15420,1482,6844,898
2020-03-20,MARCHE,1844,222,137,22
2020-03-20,MOLISE,39,1,11,3
2020-03-20,PIEMONTE,3244,490,217,39
2020-03-20,PUGLIA,551,102,30,1
2020-03-20,SARDEGNA,288,84,5,3
2020-03-20,SICILIA,379,58,29,10
2020-03-20,TOSCANA,1713,291,80,20
2020-03-20,TRENTINO ALTO ADIGE,1130,218,60,13
2020-03-20,UMBRIA,384,56,11,5
2020-03-20,VALLE D'AOSTA,257,48,7,1
2020-03-20,VENETO,3677,508,354,39
2020-03-21,ABRUZZO,494,72,35,8
2020-03-21,BASILICATA,66,14,0,0
2020-03-21,CALABRIA,225,24,10,4
2020-03-21,CAMPANIA,793,91,51,4
2020-03-21,EMILIA ROMAGNA,5661,572,1044,165
2020-03-21,FRIULI VENEZIA GIULIA,666,111,124,23
2020-03-21,LAZIO,1086,174,104,8
2020-03-21,LIGURIA,1159,158,277,57
2020-03-21,LOMBARDIA,17370,1950,8145,1301
2020-03-21,MARCHE,1997,153,156,19
2020-03-21,MOLISE,47,8,14,3
2020-03-21,PIEMONTE,3506,262,246,29
2020-03-21,PUGLIA,642,91,33,3
2020-03-21,SARDEGNA,321,33,9,4
2020-03-21,SICILIA,458,79,32,3
2020-03-21,TOSCANA,1905,192,107,27
2020-03-21,TRENTINO ALTO ADIGE,1320,190,83,23
2020-03-21,UMBRIA,447,63,15,4
2020-03-21,VALLE D'AOSTA,304,47,9,2
2020-03-21,VENETO,4214,537,403,49
2020-03-22,ABRUZZO,539,45,48,13
2020-03-22,BASILICATA,81,15,0,0
2020-03-22,CALABRIA,260,35,13,3
2020-03-22,CAMPANIA,866,73,70,19
2020-03-22,EMILIA ROMAGNA,6390,729,1165,121
2020-03-22,FRIULI VENEZIA GIULIA,738,72,136,12
2020-03-22,LAZIO,1272,186,111,7
2020-03-22,LIGURIA,1351,192,314,37
2020-03-22,LOMBARDIA,17885,515,9321,1176
2020-03-22,MARCHE,2231,234,190,34
2020-03-22,MOLISE,52,5,14,0
2020-03-22,PIEMONTE,4127,621,293,47
2020-03-22,PUGLIA,748,106,38,5
2020-03-22,SARDEGNA,327,6,12,3
2020-03-22,SICILIA,596,138,34,2
2020-03-22,TOSCANA,2144,239,133,26
2020-03-22,TRENTINO ALTO ADIGE,1533,213,99,16
2020-03-22,UMBRIA,500,53,21,6
2020-03-22,VALLE D'AOSTA,354,50,10,1
2020-03-22,VENETO,4644,430,478,75
2020-03-23,ABRUZZO,605,66,58,10
2020-03-23,BASILICATA,89,8,1,1
2020-03-23,CALABRIA,280,20,12,-1
2020-03-23,CAMPANIA,929,63,97,27
2020-03-23,EMILIA ROMAGNA,7220,830,1315,150
2020-03-23,FRIULI VENEZIA GIULIA,771,33,159,23
2020-03-23,LAZIO,1414,142,126,15
2020-03-23,LIGURIA,1553,202,371,57
2020-03-23,LOMBARDIA,18910,1025,9851,530
2020-03-23,MARCHE,2358,127,211,21
2020-03-23,MOLISE,50,-2,17,3
2020-03-23,PIEMONTE,4529,402,332,39
2020-03-23,PUGLIA,862,114,44,6
2020-03-23,SARDEGNA,343,16,16,4
2020-03-23,SICILIA,681,85,40,6
2020-03-23,TOSCANA,2301,157,160,27
2020-03-23,TRENTINO ALTO ADIGE,1602,69,145,46
2020-03-23,UMBRIA,556,56,21,0
2020-03-23,VALLE D'AOSTA,379,25,14,4
2020-03-23,VENETO,4986,342,519,41
2020-03-24,ABRUZZO,622,17,67,9
2020-03-24,BASILICATA,91,2,1,0
2020-03-24,CALABRIA,304,24,15,3
2020-03-24,CAMPANIA,992,63,109,12
2020-03-24,EMILIA ROMAGNA,7711,491,1543,228
2020-03-24,FRIULI VENEZIA GIULIA,848,77,144,-15
2020-03-24,LAZIO,1545,131,183,57
2020-03-24,LIGURIA,1692,139,424,53
2020-03-24,LOMBARDIA,19868,958,10835,984
2020-03-24,MARCHE,2497,139,239,28
2020-03-24,MOLISE,55,5,18,1
2020-03-24,PIEMONTE,5124,595,391,59
2020-03-24,PUGLIA,940,78,65,21
2020-03-24,SARDEGNA,395,52,26,10
2020-03-24,SICILIA,799,118,47,7
2020-03-24,TOSCANA,2519,218,180,20
2020-03-24,TRENTINO ALTO ADIGE,1674,72,217,72
2020-03-24,UMBRIA,624,68,24,3
2020-03-24,VALLE D'AOSTA,379,0,21,7
2020-03-24,VENETO,5351,365,597,78
2020-03-25,ABRUZZO,738,116,75,8
2020-03-25,BASILICATA,112,21,1,0
2020-03-25,CALABRIA,333,29,18,3
2020-03-25,CAMPANIA,1072,80,127,18
2020-03-25,EMILIA ROMAGNA,8256,545,1798,255
2020-03-25,FRIULI VENEZIA GIULIA,911,63,228,84
2020-03-25,LAZIO,1675,130,226,43
2020-03-25,LIGURIA,1826,134,479,55
2020-03-25,LOMBARDIA,20591,723,11755,920
2020-03-25,MARCHE,2639,142,295,56
2020-03-25,MOLISE,53,-2,20,2
2020-03-25,PIEMONTE,5556,432,468,77
2020-03-25,PUGLIA,1023,83,70,5
2020-03-25,SARDEGNA,412,17,30,4
2020-03-25,SICILIA,936,137,58,11
2020-03-25,TOSCANA,2776,257,196,16
2020-03-25,TRENTINO ALTO ADIGE,1806,132,274,57
2020-03-25,UMBRIA,686,62,24,0
2020-03-25,VALLE D'AOSTA,375,-4,26,5
2020-03-25,VENETO,5745,394,697,100
2020-03-26,ABRUZZO,860,122,86,11
2020-03-26,BASILICATA,133,21,1,0
2020-03-26,CALABRIA,372,39,21,3
2020-03-26,CAMPANIA,1169,97,141,14
2020-03-26,EMILIA ROMAGNA,8850,594,1966,168
2020-03-26,FRIULI VENEZIA GIULIA,954,43,269,41
2020-03-26,LAZIO,1835,160,261,35
2020-03-26,LIGURIA,2027,201,540,61
2020-03-26,LOMBARDIA,22189,1598,12700,945
2020-03-26,MARCHE,2795,156,319,24
2020-03-26,MOLISE,81,28,22,2
2020-03-26,PIEMONTE,5950,394,584,116
2020-03-26,PUGLIA,1095,72,87,17
2020-03-26,SARDEGNA,462,50,32,2
2020-03-26,SICILIA,1095,159,69,11
2020-03-26,TOSCANA,2973,197,253,57
2020-03-26,TRENTINO ALTO ADIGE,1885,79,318,44
2020-03-26,UMBRIA,770,84,32,8
2020-03-26,VALLE D'AOSTA,378,3,30,4
2020-03-26,VENETO,6140,395,795,98
2020-03-27,ABRUZZO,925,65,92,6
2020-03-27,BASILICATA,147,14,4,3
2020-03-27,CALABRIA,469,97,25,4
2020-03-27,CAMPANIA,1292,123,162,21
2020-03-27,EMILIA ROMAGNA,9361,511,2227,261
2020-03-27,FRIULI VENEZIA GIULIA,1027,73,290,21
2020-03-27,LAZIO,2013,178,282,21
2020-03-27,LIGURIA,2060,33,636,96
2020-03-27,LOMBARDIA,23895,1706,13403,703
2020-03-27,MARCHE,2850,55,346,27
2020-03-27,MOLISE,86,5,23,1
2020-03-27,PIEMONTE,6347,397,745,161
2020-03-27,PUGLIA,1236,141,98,11
2020-03-27,SARDEGNA,496,34,34,2
2020-03-27,SICILIA,1158,63,92,23
2020-03-27,TOSCANA,3170,197,280,27
2020-03-27,TRENTINO ALTO ADIGE,1997,112,397,79
2020-03-27,UMBRIA,824,54,60,28
2020-03-27,VALLE D'AOSTA,413,35,39,9
2020-03-27,VENETO,6648,508,849,54
2020-03-28,ABRUZZO,1027,102,106,14
2020-03-28,BASILICATA,178,31,4,0
2020-03-28,CALABRIA,523,54,32,7
2020-03-28,CAMPANIA,1407,115,185,23
2020-03-28,EMILIA ROMAGNA,9964,603,2419,192
2020-03-28,FRIULI VENEZIA GIULIA,1120,93,316,26
2020-03-28,LAZIO,2181,168,324,42
2020-03-28,LIGURIA,2086,26,736,100
2020-03-28,LOMBARDIA,24509,614,14906,1503
2020-03-28,MARCHE,2999,149,374,28
2020-03-28,MOLISE,98,12,25,2
2020-03-28,PIEMONTE,6851,504,820,75
2020-03-28,PUGLIA,1358,122,100,2
2020-03-28,SARDEGNA,569,73,55,21
2020-03-28,SICILIA,1242,84,117,25
2020-03-28,TOSCANA,3511,341,306,26
2020-03-28,TRENTINO ALTO ADIGE,2163,166,451,54
2020-03-28,UMBRIA,898,74,71,11
2020-03-28,VALLE D'AOSTA,468,55,43,4
2020-03-28,VENETO,6913,265,1017,168
2020-03-29,ABRUZZO,1169,142,124,18
2020-03-29,BASILICATA,197,19,5,1
2020-03-29,CALABRIA,577,54,37,5
2020-03-29,CAMPANIA,1556,149,203,18
2020-03-29,EMILIA ROMAGNA,10535,571,2584,165
2020-03-29,FRIULI VENEZIA GIULIA,1141,21,339,23
2020-03-29,LAZIO,2362,181,344,20
2020-03-29,LIGURIA,2279,193,797,61
2020-03-29,LOMBARDIA,25392,883,15615,709
2020-03-29,MARCHE,3160,161,398,24
2020-03-29,MOLISE,100,2,27,2
2020-03-29,PIEMONTE,7268,417,938,118
2020-03-29,PUGLIA,1432,74,117,17
2020-03-29,SARDEGNA,582,13,56,1
2020-03-29,SICILIA,1330,88,130,13
2020-03-29,TOSCANA,3786,275,336,30
2020-03-29,TRENTINO ALTO ADIGE,2327,164,481,30
2020-03-29,UMBRIA,897,-1,126,55
2020-03-29,VALLE D'AOSTA,539,71,45,2
2020-03-29,VENETO,7251,338,1107,90
2020-03-30,ABRUZZO,1169,0,176,52
2020-03-30,BASILICATA,208,11,6,1
2020-03-30,CALABRIA,602,25,45,8
2020-03-30,CAMPANIA,1739,183,213,10
2020-03-30,EMILIA ROMAGNA,10766,231,2765,181
2020-03-30,FRIULI VENEZIA GIULIA,1109,-32,392,53
2020-03-30,LAZIO,2497,135,417,73
2020-03-30,LIGURIA,2383,104,834,37
2020-03-30,LOMBARDIA,25006,-386,17155,1540
2020-03-30,MARCHE,3251,91,433,35
2020-03-30,MOLISE,107,7,27,0
2020-03-30,PIEMONTE,7655,387,1057,119
2020-03-30,PUGLIA,1585,153,127,10
2020-03-30,SARDEGNA,622,40,60,4
2020-03-30,SICILIA,1408,78,147,17
2020-03-30,TOSCANA,4050,264,362,26
2020-03-30,TRENTINO ALTO ADIGE,2455,128,552,71
2020-03-30,UMBRIA,834,-63,217,91
2020-03-30,VALLE D'AOSTA,518,-21,66,21
2020-03-30,VENETO,7564,313,1160,53
2020-03-31,ABRUZZO,1191,22,210,34
2020-03-31,BASILICATA,216,8,10,4
2020-03-31,CALABRIA,606,4,53,8
2020-03-31,CAMPANIA,1871,132,221,8
2020-03-31,EMILIA ROMAGNA,10953,187,3121,356
2020-03-31,FRIULI VENEZIA GIULIA,1160,51,433,41
2020-03-31,LAZIO,2642,145,453,36
2020-03-31,LIGURIA,2508,125,908,74
2020-03-31,LOMBARDIA,25124,118,18084,929
2020-03-31,MARCHE,3352,101,473,40
2020-03-31,MOLISE,117,10,27,0
2020-03-31,PIEMONTE,8082,427,1219,162
2020-03-31,PUGLIA,1654,69,149,22
2020-03-31,SARDEGNA,657,35,65,5
2020-03-31,SICILIA,1492,84,155,8
2020-03-31,TOSCANA,4226,176,382,20
2020-03-31,TRENTINO ALTO ADIGE,2531,76,586,34
2020-03-31,UMBRIA,851,17,227,10
2020-03-31,VALLE D'AOSTA,552,34,76,10
2020-03-31,VENETO,7850,286,1305,145
2020-04-01,ABRUZZO,1211,20,225,15
2020-04-01,BASILICATA,225,9,12,2
2020-04-01,CALABRIA,610,4,59,6
2020-04-01,CAMPANIA,1976,105,255,34
2020-04-01,EMILIA ROMAGNA,11489,536,3298,177
2020-04-01,FRIULI VENEZIA GIULIA,1206,46,479,46
2020-04-01,LAZIO,2758,116,506,53
2020-04-01,LIGURIA,2645,137,1015,107
2020-04-01,LOMBARDIA,25765,641,19008,924
2020-04-01,MARCHE,3456,104,506,33
2020-04-01,MOLISE,131,14,29,2
2020-04-01,PIEMONTE,8470,388,1325,106
2020-04-01,PUGLIA,1756,102,190,41
2020-04-01,SARDEGNA,675,18,70,5
2020-04-01,SICILIA,1544,52,174,19
2020-04-01,TOSCANA,4432,206,435,53
2020-04-01,TRENTINO ALTO ADIGE,2595,64,693,107
2020-04-01,UMBRIA,864,13,231,4
2020-04-01,VALLE D'AOSTA,540,-12,91,15
2020-04-01,VENETO,8224,374,1401,96
2020-04-02,ABRUZZO,1251,40,246,21
2020-04-02,BASILICATA,233,8,13,1
2020-04-02,CALABRIA,627,17,64,5
2020-04-02,CAMPANIA,2140,164,316,61
2020-04-02,EMILIA ROMAGNA,11859,370,3474,176
2020-04-02,FRIULI VENEZIA GIULIA,1294,88,505,26
2020-04-02,LAZIO,2879,121,554,48
2020-04-02,LIGURIA,2660,15,1122,107
2020-04-02,LOMBARDIA,25876,111,20189,1181
2020-04-02,MARCHE,3555,99,543,37
2020-04-02,MOLISE,133,2,32,3
2020-04-02,PIEMONTE,8799,329,1554,229
2020-04-02,PUGLIA,1864,108,213,23
2020-04-02,SARDEGNA,718,43,76,6
2020-04-02,SICILIA,1606,62,185,11
2020-04-02,TOSCANA,4789,357,484,49
2020-04-02,TRENTINO ALTO ADIGE,2747,152,735,42
2020-04-02,UMBRIA,885,21,243,12
2020-04-02,VALLE D'AOSTA,556,16,112,21
2020-04-02,VENETO,8578,354,1533,132
2020-04-03,ABRUZZO,1301,50,262,16
2020-04-03,BASILICATA,247,14,14,1
2020-04-03,CALABRIA,662,35,71,7
2020-04-03,CAMPANIA,2352,212,325,9
2020-04-03,EMILIA ROMAGNA,12178,319,3754,280
2020-04-03,FRIULI VENEZIA GIULIA,1324,30,555,50
2020-04-03,LAZIO,3009,130,591,37
2020-04-03,LIGURIA,2746,86,1219,97
2020-04-03,LOMBARDIA,26189,313,21331,1142
2020-04-03,MARCHE,3631,76,599,56
2020-04-03,MOLISE,144,11,32,0
2020-04-03,PIEMONTE,9130,331,1766,212
2020-04-03,PUGLIA,1949,85,233,20
2020-04-03,SARDEGNA,744,26,81,5
2020-04-03,SICILIA,1664,58,195,10
2020-04-03,TOSCANA,4909,120,590,106
2020-04-03,TRENTINO ALTO ADIGE,2868,121,800,65
2020-04-03,UMBRIA,920,35,259,16
2020-04-03,VALLE D'AOSTA,560,4,159,47
2020-04-03,VENETO,8861,283,1603,70
2020-04-04,ABRUZZO,1356,55,272,10
2020-04-04,BASILICATA,244,-3,20,6
2020-04-04,CALABRIA,662,0,79,8
2020-04-04,CAMPANIA,2496,144,332,7
2020-04-04,EMILIA ROMAGNA,12523,345,4017,263
2020-04-04,FRIULI VENEZIA GIULIA,1336,12,650,95
2020-04-04,LAZIO,3106,97,651,60
2020-04-04,LIGURIA,2894,148,1309,90
2020-04-04,LOMBARDIA,27220,1031,21898,567
2020-04-04,MARCHE,3497,-134,844,245
2020-04-04,MOLISE,171,27,35,3
2020-04-04,PIEMONTE,9693,563,2016,250
2020-04-04,PUGLIA,1973,24,267,34
2020-04-04,SARDEGNA,789,45,85,4
2020-04-04,SICILIA,1726,62,206,11
2020-04-04,TOSCANA,5054,145,617,27
2020-04-04,TRENTINO ALTO ADIGE,2954,86,858,58
2020-04-04,UMBRIA,927,7,283,24
2020-04-04,VALLE D'AOSTA,560,0,188,29
2020-04-04,VENETO,9093,232,1731,128
2020-04-05,ABRUZZO,1420,64,283,11
2020-04-05,BASILICATA,254,10,24,4
2020-04-05,CALABRIA,706,44,89,10
2020-04-05,CAMPANIA,2621,125,339,7
2020-04-05,EMILIA ROMAGNA,12837,314,4252,235
2020-04-05,FRIULI VENEZIA GIULIA,1363,27,685,35
2020-04-05,LAZIO,3186,80,694,43
2020-04-05,LIGURIA,3093,199,1356,47
2020-04-05,LOMBARDIA,28124,904,22331,433
2020-04-05,MARCHE,3578,81,886,42
2020-04-05,MOLISE,187,16,37,2
2020-04-05,PIEMONTE,10177,484,2185,169
2020-04-05,PUGLIA,2022,49,295,28
2020-04-05,SARDEGNA,815,26,92,7
2020-04-05,SICILIA,1774,48,220,14
2020-04-05,TOSCANA,5185,131,662,45
2020-04-05,TRENTINO ALTO ADIGE,3021,67,908,50
2020-04-05,UMBRIA,898,-29,341,58
2020-04-05,VALLE D'AOSTA,576,16,206,18
2020-04-05,VENETO,9409,316,1817,86
2020-04-06,ABRUZZO,1425,5,296,13
2020-04-06,BASILICATA,262,8,25,1
2020-04-06,CALABRIA,722,16,95,6
2020-04-06,CAMPANIA,2698,77,360,21
2020-04-06,EMILIA ROMAGNA,13051,214,4505,253
2020-04-06,FRIULI VENEZIA GIULIA,1396,33,707,22
2020-04-06,LAZIO,3300,114,731,37
2020-04-06,LIGURIA,3117,24,1432,76
2020-04-06,LOMBARDIA,28469,345,23065,734
2020-04-06,MARCHE,3706,128,908,22
2020-04-06,MOLISE,187,0,37,0
2020-04-06,PIEMONTE,10545,368,2379,194
2020-04-06,PUGLIA,2115,93,329,34
2020-04-06,SARDEGNA,819,4,103,11
2020-04-06,SICILIA,1815,41,231,11
2020-04-06,TOSCANA,5301,116,700,38
2020-04-06,TRENTINO ALTO ADIGE,3098,77,972,64
2020-04-06,UMBRIA,872,-26,381,40
2020-04-06,VALLE D'AOSTA,567,-9,238,32
2020-04-06,VENETO,9722,313,1866,49
2020-04-07,ABRUZZO,1491,66,308,12
2020-04-07,BASILICATA,265,3,26,1
2020-04-07,CALABRIA,733,11,100,5
2020-04-07,CAMPANIA,2765,67,383,23
2020-04-07,EMILIA ROMAGNA,13048,-3,4777,272
2020-04-07,FRIULI VENEZIA GIULIA,1379,-17,774,67
2020-04-07,LAZIO,3365,65,784,53
2020-04-07,LIGURIA,3212,95,1545,113
2020-04-07,LOMBARDIA,28343,-126,23982,917
2020-04-07,MARCHE,3738,32,972,64
2020-04-07,MOLISE,185,-2,39,2
2020-04-07,PIEMONTE,10704,159,2639,260
2020-04-07,PUGLIA,2137,22,377,48
2020-04-07,SARDEGNA,821,2,114,11
2020-04-07,SICILIA,1859,44,238,7
2020-04-07,TOSCANA,5427,126,746,46
2020-04-07,TRENTINO ALTO ADIGE,3191,93,1096,124
2020-04-07,UMBRIA,846,-26,417,36
2020-04-07,VALLE D'AOSTA,593,26,242,4
2020-04-07,VENETO,9965,243,1960,94
2020-04-08,ABRUZZO,1534,43,325,17
2020-04-08,BASILICATA,270,5,27,1
2020-04-08,CALABRIA,755,22,104,4
2020-04-08,CAMPANIA,2859,94,409,26
2020-04-08,EMILIA ROMAGNA,13110,62,5124,347
2020-04-08,FRIULI VENEZIA GIULIA,1415,36,803,29
2020-04-08,LAZIO,3448,83,818,34
2020-04-08,LIGURIA,3245,33,1661,116
2020-04-08,LOMBARDIA,28545,202,24869,887
2020-04-08,MARCHE,3562,-176,1297,325
2020-04-08,MOLISE,181,-4,45,6
2020-04-08,PIEMONTE,10989,285,2894,255
2020-04-08,PUGLIA,2238,101,396,19
2020-04-08,SARDEGNA,840,19,135,21
2020-04-08,SICILIA,1893,34,266,28
2020-04-08,TOSCANA,5557,130,822,76
2020-04-08,TRENTINO ALTO ADIGE,3221,30,1216,120
2020-04-08,UMBRIA,823,-23,466,49
2020-04-08,VALLE D'AOSTA,606,13,244,2
2020-04-08,VENETO,10171,206,2239,279
2020-04-09,ABRUZZO,1566,32,365,40
2020-04-09,BASILICATA,275,5,28,1
2020-04-09,CALABRIA,765,10,109,5
2020-04-09,CAMPANIA,2873,14,471,62
2020-04-09,EMILIA ROMAGNA,13258,148,5419,295
2020-04-09,FRIULI VENEZIA GIULIA,1390,-25,909,106
2020-04-09,LAZIO,3532,84,897,79
2020-04-09,LIGURIA,3253,8,1767,106
2020-04-09,LOMBARDIA,29074,529,25728,859
2020-04-09,MARCHE,3401,-161,1554,257
2020-04-09,MOLISE,189,8,45,0
2020-04-09,PIEMONTE,11336,347,3186,292
2020-04-09,PUGLIA,2301,63,415,19
2020-04-09,SARDEGNA,876,36,150,15
2020-04-09,SICILIA,1942,49,290,24
2020-04-09,TOSCANA,5703,146,849,27
2020-04-09,TRENTINO ALTO ADIGE,3293,72,1318,102
2020-04-09,UMBRIA,792,-31,506,40
2020-04-09,VALLE D'AOSTA,609,3,259,15
2020-04-09,VENETO,10449,278,2484,245
2020-04-10,ABRUZZO,1635,69,379,14
2020-04-10,BASILICATA,279,4,29,1
2020-04-10,CALABRIA,786,21,115,6
2020-04-10,CAMPANIA,2963,90,479,8
2020-04-10,EMILIA ROMAGNA,13350,92,5778,359
2020-04-10,FRIULI VENEZIA GIULIA,1398,8,951,42
2020-04-10,LAZIO,3633,101,950,53
2020-04-10,LIGURIA,3301,48,1890,123
2020-04-10,LOMBARDIA,29530,456,26518,790
2020-04-10,MARCHE,3316,-85,1768,214
2020-04-10,MOLISE,193,4,50,5
2020-04-10,PIEMONTE,11576,240,3436,250
2020-04-10,PUGLIA,2336,35,473,58
2020-04-10,SARDEGNA,876,0,187,37
2020-04-10,SICILIA,1967,25,335,45
2020-04-10,TOSCANA,5822,119,905,56
2020-04-10,TRENTINO ALTO ADIGE,3311,18,1460,142
2020-04-10,UMBRIA,752,-40,550,44
2020-04-10,VALLE D'AOSTA,602,-7,277,18
2020-04-10,VENETO,10647,198,2774,290
2020-04-11,ABRUZZO,1724,89,396,17
2020-04-11,BASILICATA,281,2,31,2
2020-04-11,CALABRIA,792,6,123,8
2020-04-11,CAMPANIA,3002,39,515,36
2020-04-11,EMILIA ROMAGNA,13495,145,6140,362
2020-04-11,FRIULI VENEZIA GIULIA,1382,-16,1011,60
2020-04-11,LAZIO,3730,97,993,43
2020-04-11,LIGURIA,3333,32,2043,153
2020-04-11,LOMBARDIA,30258,728,27334,816
2020-04-11,MARCHE,3231,-85,1980,212
2020-04-11,MOLISE,193,0,53,3
2020-04-11,PIEMONTE,12170,594,3838,402
2020-04-11,PUGLIA,2402,66,502,29
2020-04-11,SARDEGNA,888,12,203,16
2020-04-11,SICILIA,2001,34,363,28
2020-04-11,TOSCANA,5992,170,966,61
2020-04-11,TRENTINO ALTO ADIGE,3333,22,1594,134
2020-04-11,UMBRIA,723,-29,586,36
2020-04-11,VALLE D'AOSTA,590,-12,312,35
2020-04-11,VENETO,10749,102,3019,245
2020-04-12,ABRUZZO,1742,18,418,22
2020-04-12,BASILICATA,277,-4,38,7
2020-04-12,CALABRIA,795,3,128,5
2020-04-12,CAMPANIA,3057,55,547,32
2020-04-12,EMILIA ROMAGNA,13672,177,6426,286
2020-04-12,FRIULI VENEZIA GIULIA,1326,-56,1105,94
2020-04-12,LAZIO,3817,87,1028,35
2020-04-12,LIGURIA,3333,0,2161,118
2020-04-12,LOMBARDIA,31265,1007,27787,453
2020-04-12,MARCHE,3114,-117,2189,209
2020-04-12,MOLISE,202,9,55,2
2020-04-12,PIEMONTE,12505,335,4155,317
2020-04-12,PUGLIA,2452,50,537,35
2020-04-12,SARDEGNA,903,15,210,7
2020-04-12,SICILIA,2030,29,386,23
2020-04-12,TOSCANA,6162,170,1073,107
2020-04-12,TRENTINO ALTO ADIGE,3597,264,1554,-40
2020-04-12,UMBRIA,687,-36,632,46
2020-04-12,VALLE D'AOSTA,588,-2,333,21
2020-04-12,VENETO,10729,-20,3348,329
2020-04-13,ABRUZZO,1778,36,435,17
2020-04-13,BASILICATA,270,-7,49,11
2020-04-13,CALABRIA,791,-4,137,9
2020-04-13,CAMPANIA,3062,5,608,61
2020-04-13,EMILIA ROMAGNA,13818,146,6622,196
2020-04-13,FRIULI VENEZIA GIULIA,1307,-19,1175,70
2020-04-13,LAZIO,3920,103,1048,20
2020-04-13,LIGURIA,3365,32,2231,70
2020-04-13,LOMBARDIA,31935,670,28379,592
2020-04-13,MARCHE,3080,-34,2301,112
2020-04-13,MOLISE,202,0,55,0
2020-04-13,PIEMONTE,12765,260,4369,214
2020-04-13,PUGLIA,2512,60,553,16
2020-04-13,SARDEGNA,914,11,214,4
2020-04-13,SICILIA,2050,20,408,22
2020-04-13,TOSCANA,6257,95,1133,60
2020-04-13,TRENTINO ALTO ADIGE,3617,20,1658,104
2020-04-13,UMBRIA,625,-62,695,63
2020-04-13,VALLE D'AOSTA,582,-6,345,12
2020-04-13,VENETO,10766,37,3485,137
2020-04-14,ABRUZZO,1800,22,445,10
2020-04-14,BASILICATA,265,-5,54,5
2020-04-14,CALABRIA,816,25,140,3
2020-04-14,CAMPANIA,3094,32,675,67
2020-04-14,EMILIA ROMAGNA,13778,-40,6974,352
2020-04-14,FRIULI VENEZIA GIULIA,899,-408,1621,446
2020-04-14,LAZIO,4022,102,1089,41
2020-04-14,LIGURIA,3466,101,2342,111
2020-04-14,LOMBARDIA,32363,428,28963,584
2020-04-14,MARCHE,3095,15,2331,30
2020-04-14,MOLISE,200,-2,57,2
2020-04-14,PIEMONTE,13055,290,4635,266
2020-04-14,PUGLIA,2552,40,566,13
2020-04-14,SARDEGNA,900,-14,238,24
2020-04-14,SICILIA,2071,21,430,22
2020-04-14,TOSCANA,6352,95,1175,42
2020-04-14,TRENTINO ALTO ADIGE,3646,29,1679,21
2020-04-14,UMBRIA,622,-3,699,4
2020-04-14,VALLE D'AOSTA,559,-23,388,43
2020-04-14,VENETO,10736,-30,3696,211
2020-04-15,ABRUZZO,1810,10,464,19
2020-04-15,BASILICATA,261,-4,59,5
2020-04-15,CALABRIA,819,3,152,12
2020-04-15,CAMPANIA,3087,-7,720,45
2020-04-15,EMILIA ROMAGNA,13577,-201,7452,478
2020-04-15,FRIULI VENEZIA GIULIA,1394,495,1150,-471
2020-04-15,LAZIO,4047,25,1185,96
2020-04-15,LIGURIA,3464,-2,2472,130
2020-04-15,LOMBARDIA,32921,558,29232,269
2020-04-15,MARCHE,3097,2,2406,75
2020-04-15,MOLISE,206,6,57,0
2020-04-15,PIEMONTE,13195,140,5034,399
2020-04-15,PUGLIA,2573,21,611,45
2020-04-15,SARDEGNA,870,-30,291,53
2020-04-15,SICILIA,2081,10,454,24
2020-04-15,TOSCANA,6417,65,1249,74
2020-04-15,TRENTINO ALTO ADIGE,3680,34,1764,85
2020-04-15,UMBRIA,582,-40,740,41
2020-04-15,VALLE D'AOSTA,548,-11,410,22
2020-04-15,VENETO,10789,53,3835,139
2020-04-16,ABRUZZO,1850,40,496,32
2020-04-16,BASILICATA,273,12,63,4
2020-04-16,CALABRIA,847,28,162,10
2020-04-16,CAMPANIA,3118,31,769,49
2020-04-16,EMILIA ROMAGNA,13663,86,7823,371
2020-04-16,FRIULI VENEZIA GIULIA,1330,-64,1286,136
2020-04-16,LAZIO,4144,97,1236,51
2020-04-16,LIGURIA,3437,-27,2602,130
2020-04-16,LOMBARDIA,33090,169,30004,772
2020-04-16,MARCHE,3124,27,2458,52
2020-04-16,MOLISE,203,-3,60,3
2020-04-16,PIEMONTE,13783,588,5325,291
2020-04-16,PUGLIA,2625,52,633,22
2020-04-16,SARDEGNA,865,-5,299,8
2020-04-16,SICILIA,2108,27,471,17
2020-04-16,TOSCANA,6613,196,1330,81
2020-04-16,TRENTINO ALTO ADIGE,3680,0,1881,117
2020-04-16,UMBRIA,536,-46,793,53
2020-04-16,VALLE D'AOSTA,518,-30,453,43
2020-04-16,VENETO,10800,11,4190,355
2020-04-17,ABRUZZO,1942,92,501,5
2020-04-17,BASILICATA,266,-7,71,8
2020-04-17,CALABRIA,819,-28,172,10
2020-04-17,CAMPANIA,3027,-91,924,155
2020-04-17,EMILIA ROMAGNA,13585,-78,8249,426
2020-04-17,FRIULI VENEZIA GIULIA,1428,98,1247,-39
2020-04-17,LAZIO,4214,70,1310,74
2020-04-17,LIGURIA,3459,22,2729,127
2020-04-17,LOMBARDIA,33434,344,30701,697
2020-04-17,MARCHE,3157,33,2511,53
2020-04-17,MOLISE,208,5,61,1
2020-04-17,PIEMONTE,13998,215,5805,480
2020-04-17,PUGLIA,2656,31,671,38
2020-04-17,SARDEGNA,872,7,306,7
2020-04-17,SICILIA,2139,31,486,15
2020-04-17,TOSCANA,6583,-30,1527,197
2020-04-17,TRENTINO ALTO ADIGE,3572,-108,2100,219
2020-04-17,UMBRIA,494,-42,843,50
2020-04-17,VALLE D'AOSTA,491,-27,502,49
2020-04-17,VENETO,10618,-182,4756,566
2020-04-18,ABRUZZO,1971,29,516,15
2020-04-18,BASILICATA,262,-4,77,6
2020-04-18,CALABRIA,832,13,179,7
2020-04-18,CAMPANIA,3045,18,943,19
2020-04-18,EMILIA ROMAGNA,13584,-1,8600,351
2020-04-18,FRIULI VENEZIA GIULIA,1403,-25,1328,81
2020-04-18,LAZIO,4282,68,1386,76
2020-04-18,LIGURIA,3412,-47,2889,160
2020-04-18,LOMBARDIA,34195,761,31186,485
2020-04-18,MARCHE,3172,15,2549,38
2020-04-18,MOLISE,209,1,60,-1
2020-04-18,PIEMONTE,14223,225,6241,436
2020-04-18,PUGLIA,2694,38,715,44
2020-04-18,SARDEGNA,881,9,317,11
2020-04-18,SICILIA,2171,32,501,15
2020-04-18,TOSCANA,6470,-113,1767,240
2020-04-18,TRENTINO ALTO ADIGE,3541,-31,2215,115
2020-04-18,UMBRIA,431,-63,913,70
2020-04-18,VALLE D'AOSTA,549,58,524,22
2020-04-18,VENETO,10444,-174,5248,492
2020-04-19,ABRUZZO,1987,16,534,18
2020-04-19,BASILICATA,247,-15,95,18
2020-04-19,CALABRIA,844,12,191,12
2020-04-19,CAMPANIA,3022,-23,1007,64
2020-04-19,EMILIA ROMAGNA,13552,-32,9008,408
2020-04-19,FRIULI VENEZIA GIULIA,1337,-66,1408,80
2020-04-19,LAZIO,4321,39,1434,48
2020-04-19,LIGURIA,3490,78,3038,149
2020-04-19,LOMBARDIA,34497,302,31739,553
2020-04-19,MARCHE,3182,10,2587,38
2020-04-19,MOLISE,215,6,64,4
2020-04-19,PIEMONTE,14470,247,6587,346
2020-04-19,PUGLIA,2786,92,743,28
2020-04-19,SARDEGNA,864,-17,351,34
2020-04-19,SICILIA,2202,31,515,14
2020-04-19,TOSCANA,6496,26,1876,109
2020-04-19,TRENTINO ALTO ADIGE,3537,-4,2375,160
2020-04-19,UMBRIA,436,5,912,-1
2020-04-19,VALLE D'AOSTA,562,13,526,2
2020-04-19,VENETO,10210,-234,5725,477
2020-04-20,ABRUZZO,2062,75,550,16
2020-04-20,BASILICATA,242,-5,100,5
2020-04-20,CALABRIA,828,-16,210,19
2020-04-20,CAMPANIA,3019,-3,1055,48
2020-04-20,EMILIA ROMAGNA,13522,-30,9345,337
2020-04-20,FRIULI VENEZIA GIULIA,1190,-147,1585,177
2020-04-20,LAZIO,4365,44,1450,16
2020-04-20,LIGURIA,3496,6,3173,135
2020-04-20,LOMBARDIA,34587,90,32384,645
2020-04-20,MARCHE,3212,30,2614,27
2020-04-20,MOLISE,213,-2,68,4
2020-04-20,PIEMONTE,14557,87,6792,205
2020-04-20,PUGLIA,2810,24,757,14
2020-04-20,SARDEGNA,854,-10,374,23
2020-04-20,SICILIA,2210,8,549,34
2020-04-20,TOSCANA,6568,72,1939,63
2020-04-20,TRENTINO ALTO ADIGE,3469,-68,2515,140
2020-04-20,UMBRIA,424,-12,925,13
2020-04-20,VALLE D'AOSTA,548,-14,540,14
2020-04-20,VENETO,10061,-149,6066,341
2020-04-21,ABRUZZO,2067,5,600,50
2020-04-21,BASILICATA,245,3,105,5
2020-04-21,CALABRIA,819,-9,228,18
2020-04-21,CAMPANIA,2946,-73,1189,134
2020-04-21,EMILIA ROMAGNA,13244,-278,9848,503
2020-04-21,FRIULI VENEZIA GIULIA,1322,132,1470,-115
2020-04-21,LAZIO,4402,37,1493,43
2020-04-21,LIGURIA,3463,-33,3301,128
2020-04-21,LOMBARDIA,33978,-609,33953,1569
2020-04-21,MARCHE,3218,6,2659,45
2020-04-21,MOLISE,213,0,69,1
2020-04-21,PIEMONTE,14811,254,7144,352
2020-04-21,PUGLIA,2812,2,810,53
2020-04-21,SARDEGNA,837,-17,399,25
2020-04-21,SICILIA,2259,49,576,27
2020-04-21,TOSCANA,6622,54,1981,42
2020-04-21,TRENTINO ALTO ADIGE,3445,-24,2579,64
2020-04-21,UMBRIA,407,-17,946,21
2020-04-21,VALLE D'AOSTA,522,-26,571,31
2020-04-21,VENETO,10077,16,6327,261
2020-04-22,ABRUZZO,2108,41,625,25
2020-04-22,BASILICATA,232,-13,122,17
2020-04-22,CALABRIA,821,2,239,11
2020-04-22,CAMPANIA,2998,52,1187,-2
2020-04-22,EMILIA ROMAGNA,13084,-160,10350,502
2020-04-22,FRIULI VENEZIA GIULIA,1308,-14,1509,39
2020-04-22,LAZIO,4463,61,1512,19
2020-04-22,LIGURIA,3476,13,3442,141
2020-04-22,LOMBARDIA,34242,264,34850,897
2020-04-22,MARCHE,3230,12,2694,35
2020-04-22,MOLISE,205,-8,79,10
2020-04-22,PIEMONTE,15122,311,7617,473
2020-04-22,PUGLIA,2874,62,856,46
2020-04-22,SARDEGNA,833,-4,414,15
2020-04-22,SICILIA,2287,28,596,20
2020-04-22,TOSCANA,6167,-455,2533,552
2020-04-22,TRENTINO ALTO ADIGE,3386,-59,2676,97
2020-04-22,UMBRIA,371,-36,986,40
2020-04-22,VALLE D'AOSTA,501,-21,594,23
2020-04-22,VENETO,9991,-86,6747,420
2020-04-23,ABRUZZO,2100,-8,685,60
2020-04-23,BASILICATA,229,-3,127,5
2020-04-23,CALABRIA,823,2,246,7
2020-04-23,CAMPANIA,2978,-20,1260,73
2020-04-23,EMILIA ROMAGNA,12845,-239,10878,528
2020-04-23,FRIULI VENEZIA GIULIA,1135,-173,1723,214
2020-04-23,LAZIO,4486,23,1568,56
2020-04-23,LIGURIA,3466,-10,3583,141
2020-04-23,LOMBARDIA,33873,-369,36292,1442
2020-04-23,MARCHE,3230,0,2722,28
2020-04-23,MOLISE,198,-7,86,7
2020-04-23,PIEMONTE,15152,30,7988,371
2020-04-23,PUGLIA,2936,62,903,47
2020-04-23,SARDEGNA,817,-16,437,23
2020-04-23,SICILIA,2301,14,625,29
2020-04-23,TOSCANA,6171,4,2609,76
2020-04-23,TRENTINO ALTO ADIGE,3365,-21,2797,121
2020-04-23,UMBRIA,355,-16,1007,21
2020-04-23,VALLE D'AOSTA,463,-38,633,39
2020-04-23,VENETO,9925,-66,6956,209
2020-04-24,ABRUZZO,2079,-21,724,39
2020-04-24,BASILICATA,229,0,131,4
2020-04-24,CALABRIA,821,-2,258,12
2020-04-24,CAMPANIA,2943,-35,1339,79
2020-04-24,EMILIA ROMAGNA,12509,-336,11461,583
2020-04-24,FRIULI VENEZIA GIULIA,1320,185,1562,-161
2020-04-24,LAZIO,4492,6,1640,72
2020-04-24,LIGURIA,3437,-29,3736,153
2020-04-24,LOMBARDIA,34368,495,36888,596
2020-04-24,MARCHE,3273,43,2755,33
2020-04-24,MOLISE,200,2,87,1
2020-04-24,PIEMONTE,15391,239,8431,443
2020-04-24,PUGLIA,2933,-3,948,45
2020-04-24,SARDEGNA,804,-13,453,16
2020-04-24,SICILIA,2320,19,661,36
2020-04-24,TOSCANA,6133,-38,2744,135
2020-04-24,TRENTINO ALTO ADIGE,2920,-445,3312,515
2020-04-24,UMBRIA,322,-33,1041,34
2020-04-24,VALLE D'AOSTA,354,-109,746,113
2020-04-24,VENETO,9679,-246,7550,594
2020-04-25,ABRUZZO,2061,-18,771,47
2020-04-25,BASILICATA,218,-11,143,12
2020-04-25,CALABRIA,811,-10,277,19
2020-04-25,CAMPANIA,2935,-8,1364,25
2020-04-25,EMILIA ROMAGNA,12347,-162,11862,401
2020-04-25,FRIULI VENEZIA GIULIA,1084,-236,1819,257
2020-04-25,LAZIO,4561,69,1663,23
2020-04-25,LIGURIA,3433,-4,3868,132
2020-04-25,LOMBARDIA,34473,105,37496,608
2020-04-25,MARCHE,3272,-1,2786,31
2020-04-25,MOLISE,198,-2,94,7
2020-04-25,PIEMONTE,15502,111,8924,493
2020-04-25,PUGLIA,2919,-14,993,45
2020-04-25,SARDEGNA,794,-10,477,24
2020-04-25,SICILIA,2272,-48,748,87
2020-04-25,TOSCANA,6146,13,2869,125
2020-04-25,TRENTINO ALTO ADIGE,2779,-141,3535,223
2020-04-25,UMBRIA,297,-25,1069,28
2020-04-25,VALLE D'AOSTA,313,-41,787,41
2020-04-25,VENETO,9432,-247,7959,409
2020-04-26,ABRUZZO,2068,7,791,20
2020-04-26,BASILICATA,219,1,147,4
2020-04-26,CALABRIA,797,-14,292,15
2020-04-26,CAMPANIA,2924,-11,1407,43
2020-04-26,EMILIA ROMAGNA,12341,-6,12109,247
2020-04-26,FRIULI VENEZIA GIULIA,1248,164,1669,-150
2020-04-26,LAZIO,4573,12,1736,73
2020-04-26,LIGURIA,3480,47,4008,140
2020-04-26,LOMBARDIA,35166,693,37723,227
2020-04-26,MARCHE,3308,36,2803,17
2020-04-26,MOLISE,200,2,96,2
2020-04-26,PIEMONTE,15519,17,9301,377
2020-04-26,PUGLIA,2937,18,1011,18
2020-04-26,SARDEGNA,783,-11,497,20
2020-04-26,SICILIA,2107,-165,948,200
2020-04-26,TOSCANA,6069,-77,3078,209
2020-04-26,TRENTINO ALTO ADIGE,2676,-103,3699,164
2020-04-26,UMBRIA,296,-1,1072,3
2020-04-26,VALLE D'AOSTA,254,-59,852,65
2020-04-26,VENETO,9138,-294,8333,374
2020-04-27,ABRUZZO,2030,-38,844,53
2020-04-27,BASILICATA,217,-2,149,2
2020-04-27,CALABRIA,782,-15,314,22
2020-04-27,CAMPANIA,2877,-47,1472,65
2020-04-27,EMILIA ROMAGNA,12225,-116,12437,328
2020-04-27,FRIULI VENEZIA GIULIA,1258,10,1719,50
2020-04-27,LAZIO,4562,-11,1830,94
2020-04-27,LIGURIA,3580,100,4062,54
2020-04-27,LOMBARDIA,35441,275,38038,315
2020-04-27,MARCHE,3310,2,2817,14
2020-04-27,MOLISE,200,0,96,0
2020-04-27,PIEMONTE,15508,-11,9590,289
2020-04-27,PUGLIA,2912,-25,1046,35
2020-04-27,SARDEGNA,776,-7,507,10
2020-04-27,SICILIA,2123,16,962,14
2020-04-27,TOSCANA,5983,-86,3196,118
2020-04-27,TRENTINO ALTO ADIGE,2647,-29,3844,145
2020-04-27,UMBRIA,287,-9,1083,11
2020-04-27,VALLE D'AOSTA,235,-19,876,24
2020-04-27,VENETO,8860,-278,8719,386
